{"cameraMode":{"drawMode":0,"name":"Shaded","section":"Shading Mode"},"sceneLighting":false,"audioPlay":false,"sceneViewState":{"m_AlwaysRefresh":false,"showFog":true,"showSkybox":false,"showFlares":true,"showImageEffects":true,"showParticleSystems":true,"showVisualEffectGraphs":true,"m_FxEnabled":true},"in2DMode":false,"pivot":{"x":-0.0011715888977050782,"y":2.04921293258667,"z":0.039509713649749759},"rotation":{"x":-0.31002384424209597,"y":0.40517741441726687,"z":-0.1483035534620285,"w":-0.8472234010696411},"size":3.551797866821289,"orthographic":false}