{"cameraMode":{"drawMode":0,"name":"Shaded","section":"Shading Mode"},"sceneLighting":false,"audioPlay":false,"sceneViewState":{"m_AlwaysRefresh":false,"showFog":true,"showSkybox":false,"showFlares":true,"showImageEffects":true,"showParticleSystems":true,"showVisualEffectGraphs":true,"m_FxEnabled":true},"in2DMode":false,"pivot":{"x":-0.07963526248931885,"y":1.9777436256408692,"z":-0.053879737854003909},"rotation":{"x":-0.31002384424209597,"y":0.40517741441726687,"z":-0.1483035534620285,"w":-0.8472234010696411},"size":3.0222744941711427,"orthographic":false}