{"cameraMode":{"drawMode":0,"name":"Shaded","section":"Shading Mode"},"sceneLighting":false,"audioPlay":false,"sceneViewState":{"m_AlwaysRefresh":false,"showFog":true,"showSkybox":false,"showFlares":true,"showImageEffects":true,"showParticleSystems":true,"showVisualEffectGraphs":true,"m_FxEnabled":true},"in2DMode":false,"pivot":{"x":0.09180000424385071,"y":0.6988000869750977,"z":7.570000171661377},"rotation":{"x":-0.13622140884399415,"y":0.04862071946263313,"z":-0.006698117591440678,"w":-0.989478349685669},"size":1.0016229152679444,"orthographic":false}