{"cameraMode":{"drawMode":0,"name":"Shaded","section":"Shading Mode"},"sceneLighting":true,"audioPlay":false,"sceneViewState":{"m_AlwaysRefresh":false,"showFog":true,"showSkybox":true,"showFlares":true,"showImageEffects":true,"showParticleSystems":true,"showVisualEffectGraphs":true,"m_FxEnabled":true},"in2DMode":false,"pivot":{"x":144.51370239257813,"y":243.1131134033203,"z":52.750885009765628},"rotation":{"x":0.014690556563436985,"y":0.014119285158813,"z":0.00016599446826148778,"w":-0.9999045729637146},"size":257.5353088378906,"orthographic":false}